{
  "accuracy": [
    0.06734693795442581,
    0.12585033476352692,
    0.19115646183490753,
    0.23265306651592255,
    0.2945578098297119,
    0.3469387888908386,
    0.3700680136680603,
    0.39319726824760437,
    0.43673470616340637,
    0.4435374140739441,
    0.48571428656578064,
    0.49251699447631836,
    0.5353741645812988,
    0.543537437915802,
    0.5727891325950623,
    0.5761904716491699,
    0.5904762148857117,
    0.6285714507102966,
    0.6176870465278625,
    0.6523809432983398,
    0.6476190686225891,
    0.6904761791229248,
    0.7061224579811096,
    0.7353741526603699,
    0.718367338180542,
    0.7258503437042236,
    0.7333333492279053,
    0.7489795684814453,
    0.7748299241065979,
    0.7646258473396301,
    0.776190459728241,
    0.7891156673431396,
    0.8027210831642151,
    0.7972789406776428,
    0.8068027496337891,
    0.8190476298332214,
    0.8190476298332214,
    0.8333333134651184,
    0.8306122422218323,
    0.8476190567016602,
    0.8476190567016602,
    0.8530611991882324,
    0.863265335559845,
    0.8721088171005249,
    0.8768707513809204,
    0.8761904835700989,
    0.8775510191917419,
    0.8884353637695312,
    0.8836734890937805,
    0.9020408391952515,
    0.8993197083473206,
    0.9122449159622192,
    0.9006802439689636,
    0.91700679063797,
    0.9088435173034668,
    0.9197278618812561,
    0.9081632494926453,
    0.9340136051177979,
    0.9306122660636902,
    0.9374149441719055,
    0.9278911352157593,
    0.9360544085502625,
    0.9462584853172302,
    0.936734676361084,
    0.9510204195976257,
    0.9387755393981934,
    0.9523809552192688,
    0.942176878452301,
    0.9591836929321289,
    0.9462584853172302,
    0.9557822942733765,
    0.9591836929321289,
    0.956462562084198,
    0.9530612230300903,
    0.960544228553772,
    0.9551020264625549,
    0.9659863710403442,
    0.9673469662666321,
    0.9734693765640259,
    0.9721088409423828,
    0.9659863710403442,
    0.9741496443748474,
    0.9639455676078796,
    0.9741496443748474,
    0.9809523820877075,
    0.9768707752227783,
    0.9850339889526367,
    0.9795918464660645,
    0.9734693765640259,
    0.9843537211418152,
    0.9768707752227783,
    0.976190447807312,
    0.9775510430335999,
    0.9850339889526367,
    0.9782313108444214,
    0.9863945841789246,
    0.9843537211418152,
    0.9857142567634583,
    0.981632649898529,
    0.9795918464660645
  ],
  "loss": [
    4.175534725189209,
    3.570680618286133,
    3.127566337585449,
    2.8323488235473633,
    2.5573980808258057,
    2.335700035095215,
    2.1496920585632324,
    2.04174542427063,
    1.895661473274231,
    1.8363070487976074,
    1.695521593093872,
    1.6432074308395386,
    1.5250953435897827,
    1.4712117910385132,
    1.4102798700332642,
    1.3418147563934326,
    1.30174720287323,
    1.217240571975708,
    1.2153619527816772,
    1.1293460130691528,
    1.0947750806808472,
    1.0234928131103516,
    0.9767407774925232,
    0.9140846729278564,
    0.9294513463973999,
    0.9039024114608765,
    0.8622456192970276,
    0.8306724429130554,
    0.7941713333129883,
    0.7694786787033081,
    0.7399700284004211,
    0.7256397604942322,
    0.6812507510185242,
    0.7129992246627808,
    0.6597259044647217,
    0.635286271572113,
    0.6045757532119751,
    0.5991090536117554,
    0.6071619987487793,
    0.5434112548828125,
    0.5312310457229614,
    0.5238709449768066,
    0.5021028518676758,
    0.4656795561313629,
    0.47750207781791687,
    0.46442148089408875,
    0.47080129384994507,
    0.43416938185691833,
    0.4462029039859772,
    0.39536252617836,
    0.3948511779308319,
    0.3680698573589325,
    0.3749144971370697,
    0.34580618143081665,
    0.3552743196487427,
    0.34309396147727966,
    0.34760820865631104,
    0.30683496594429016,
    0.30717933177948,
    0.29729509353637695,
    0.296907514333725,
    0.2900429964065552,
    0.2686629593372345,
    0.2742595970630646,
    0.24663957953453064,
    0.27218297123908997,
    0.23822885751724243,
    0.2488144487142563,
    0.22531498968601227,
    0.24113230407238007,
    0.2173052877187729,
    0.2047005444765091,
    0.21565362811088562,
    0.2149440497159958,
    0.19164173305034637,
    0.20345301926136017,
    0.1846179962158203,
    0.17527955770492554,
    0.1656278371810913,
    0.16278712451457977,
    0.17489491403102875,
    0.1619320660829544,
    0.16927044093608856,
    0.1595899760723114,
    0.14346911013126373,
    0.13673703372478485,
    0.12429624795913696,
    0.13239382207393646,
    0.13265986740589142,
    0.1291968822479248,
    0.13618697226047516,
    0.14007799327373505,
    0.1253627985715866,
    0.11289019137620926,
    0.11787467449903488,
    0.11450841277837753,
    0.1040920540690422,
    0.10598714649677277,
    0.11400981992483139,
    0.10995461791753769
  ],
  "val_accuracy": [
    0.0793650820851326,
    0.16507937014102936,
    0.2222222238779068,
    0.3142857253551483,
    0.3968254029750824,
    0.5015873312950134,
    0.5142857432365417,
    0.5460317730903625,
    0.5809524059295654,
    0.5809524059295654,
    0.6158730387687683,
    0.6380952596664429,
    0.6571428775787354,
    0.6634920835494995,
    0.6761904954910278,
    0.7015873193740845,
    0.7301587462425232,
    0.7174603343009949,
    0.7301587462425232,
    0.7396825551986694,
    0.7492063641548157,
    0.7523809671401978,
    0.7460317611694336,
    0.7492063641548157,
    0.7650793790817261,
    0.7841269969940186,
    0.7841269969940186,
    0.7841269969940186,
    0.7968254089355469,
    0.7904762029647827,
    0.7936508059501648,
    0.7904762029647827,
    0.8063492178916931,
    0.8158730268478394,
    0.8222222328186035,
    0.8126984238624573,
    0.8253968358039856,
    0.8222222328186035,
    0.8190476298332214,
    0.8253968358039856,
    0.8222222328186035,
    0.8285714387893677,
    0.8253968358039856,
    0.8349206447601318,
    0.8349206447601318,
    0.8444444537162781,
    0.841269850730896,
    0.841269850730896,
    0.8317460417747498,
    0.8380952477455139,
    0.841269850730896,
    0.8380952477455139,
    0.8507936596870422,
    0.8539682626724243,
    0.8507936596870422,
    0.8476190567016602,
    0.8507936596870422,
    0.8476190567016602,
    0.8444444537162781,
    0.8507936596870422,
    0.8476190567016602,
    0.8507936596870422,
    0.8603174686431885,
    0.8571428656578064,
    0.8634920716285706,
    0.8507936596870422,
    0.8539682626724243,
    0.8476190567016602,
    0.8603174686431885,
    0.8634920716285706,
    0.8476190567016602,
    0.8539682626724243,
    0.8603174686431885,
    0.8666666746139526,
    0.8634920716285706,
    0.8444444537162781,
    0.8476190567016602,
    0.8539682626724243,
    0.8666666746139526,
    0.8539682626724243,
    0.8634920716285706,
    0.8698412775993347,
    0.8761904835700989,
    0.8761904835700989,
    0.8666666746139526,
    0.8634920716285706,
    0.8666666746139526,
    0.8698412775993347,
    0.8761904835700989,
    0.8730158805847168,
    0.8857142925262451,
    0.882539689540863,
    0.8698412775993347,
    0.8666666746139526,
    0.8603174686431885,
    0.8730158805847168,
    0.8698412775993347,
    0.8698412775993347,
    0.8698412775993347,
    0.8698412775993347
  ],