{
  "accuracy": [
    0.17891156673431396,
    0.3741496503353119,
    0.49863946437835693,
    0.5530612468719482,
    0.6251700520515442,
    0.7006802558898926,
    0.7414966225624084,
    0.7925170063972473,
    0.8115646243095398,
    0.8299319744110107,
    0.8734694123268127,
    0.8836734890937805,
    0.8925170302391052,
    0.9292517304420471,
    0.9129251837730408,
    0.9312925338745117,
    0.9489796161651611,
    0.9482993483543396,
    0.9727891087532043,
    0.961904764175415,
    0.9455782175064087,
    0.956462562084198,
    0.9673469662666321,
    0.9659863710403442,
    0.9755101799964905,
    0.9795918464660645,
    0.9782313108444214,
    0.980272114276886,
    0.9829931855201721,
    0.9782313108444214,
    0.9836734533309937,
    0.9829931855201721,
    0.9884353876113892
  ],
  "loss": [
    2.880013942718506,
    2.044337511062622,
    1.6204499006271362,
    1.4426583051681519,
    1.2265675067901611,
    1.0074186325073242,
    0.8901726603507996,
    0.7390263080596924,
    0.6513833999633789,
    0.6001867055892944,
    0.5117326378822327,
    0.4332994520664215,
    0.3965812921524048,
    0.31035420298576355,
    0.350460410118103,
    0.28681930899620056,
    0.2270226776599884,
    0.20793689787387848,
    0.16716603934764862,
    0.17220446467399597,
    0.19396847486495972,
    0.16642597317695618,
    0.1441231667995453,
    0.15233393013477325,
    0.12616021931171417,
    0.09668716043233871,
    0.1077946126461029,
    0.09796744585037231,
    0.09294215589761734,
    0.10024316608905792,
    0.07743202894926071,
    0.07764331251382828,
    0.06448549032211304
  ],
  "val_accuracy": [
    0.0476190485060215,
    0.05714285746216774,
    0.07301587611436844,
    0.06031746044754982,
    0.12063492089509964,
    0.1111111119389534,
    0.08571428805589676,
    0.08571428805589676,
    0.15555556118488312,
    0.3682539761066437,
    0.3365079462528229,
    0.38730159401893616,
    0.5555555820465088,
    0.7301587462425232,
    0.6380952596664429,
    0.6507936716079712,
    0.7047619223594666,
    0.723809540271759,
    0.7015873193740845,
    0.5968254208564758,
    0.6920635104179382,
    0.6730158925056458,
    0.7714285850524902,
    0.6539682745933533,
    0.5492063760757446,
    0.5968254208564758,
    0.7079365253448486,
    0.6857143044471741,
    0.682539701461792,
    0.7047619223594666,
    0.7269841432571411,
    0.7174603343009949,
    0.682539701461792
  ],
  "val_loss": [
    3.657992362976074,
    5.035773277282715,
    5.598569869995117,
    7.14159631729126,
    5.125638008117676,
    4.998040199279785,
    5.82191276550293,
    5.0883469581604,
    3.3381197452545166,
    2.0851800441741943,
    2.399733543395996,
    2.280130624771118,
    1.334563970565796,
    0.8864151239395142,
    1.3180036544799805,
    1.0757269859313965,
    0.8730443716049194,
    0.8552961945533752,
    0.8776455521583557,
    1.3713630437850952,
    0.9508905410766602,
    1.1542484760284424,
    0.7452887892723083,
    1.1047396659851074,
    1.6274352073669434,
    1.5243895053863525,
    0.9525343179702759,
    1.0220048427581787,
    1.0977416038513184,
    1.0644145011901855,
    0.8218698501586914,
    0.9551419019699097,
    1.0737415552139282
  ]
}