{
  "accuracy": [
    0.2323189079761505,
    0.41791683435440063,
    0.5173596143722534,
    0.5722246170043945,
    0.6358051300048828,
    0.660237193107605,
    0.6998142600059509,
    0.7286755442619324,
    0.7441062927246094,
    0.7679668664932251,
    0.7971138954162598,
    0.8134019374847412,
    0.8244034647941589,
    0.8352621793746948,
    0.84426349401474,
    0.8685526251792908,
    0.8626946806907654,
    0.8746963739395142,
    0.884554922580719,
    0.8934133648872375,
    0.9018431305885315,
    0.9078440070152283,
    0.9048435688018799,
    0.9149878621101379,
    0.9222745895385742,
    0.9288469552993774,
    0.9308472871780396,
    0.9388484358787537,
    0.9394199252128601,
    0.9379911422729492,
    0.9374196529388428,
    0.941563069820404,
    0.9469924569129944,
    0.943706214427948,
    0.9452778697013855,
    0.9507072567939758
  ],
  "loss": [
    2.714686632156372,
    1.9641929864883423,
    1.6062995195388794,
    1.3896560668945312,
    1.206890344619751,
    1.1050159931182861,
    0.9645829796791077,
    0.8957632780075073,
    0.8123481869697571,
    0.7329379916191101,
    0.659789502620697,
    0.6086159348487854,
    0.56275874376297,
    0.5220218300819397,
    0.48506975173950195,
    0.4218098819255829,
    0.4072142243385315,
    0.39615267515182495,
    0.3623585104942322,
    0.33448874950408936,
    0.30396273732185364,
    0.2880888283252716,
    0.29362544417381287,
    0.2630072832107544,
    0.24416020512580872,
    0.22402922809123993,
    0.21620893478393555,
    0.19016270339488983,
    0.1948186606168747,
    0.1869162917137146,
    0.19091303646564484,
    0.1798076182603836,
    0.16230835020542145,
    0.16689316928386688,
    0.17137335240840912,
    0.15885308384895325
  ],
  "val_accuracy": [
    0.027990669012069702,
    0.207264244556427,
    0.5154948234558105,
    0.5921359658241272,
    0.42052650451660156,
    0.591802716255188,
    0.4338553845882416,
    0.6497834324836731,
    0.6304565072059631,
    0.5711429715156555,
    0.684771716594696,
    0.6824392080307007,
    0.6631122827529907,
    0.6011329293251038,
    0.7064312100410461,
    0.7250916361808777,
    0.5908030867576599,
    0.6374542117118835,
    0.721092939376831,
    0.7154281735420227,
    0.7250916361808777,
    0.7437520623207092,
    0.7464178800582886,
    0.7400866150856018,
    0.7130956053733826,
    0.7637454271316528,
    0.7647450566291809,
    0.7470843195915222,
    0.7727423906326294,
    0.7164278626441956,
    0.7377541065216064,
    0.7110962867736816,
    0.7837387323379517,
    0.7687437534332275,
    0.7357547283172607,
    0.7737420797348022
  ],
  "val_loss": [
    6.657323360443115,
    3.2262699604034424,
    1.557710886001587,
    1.3601258993148804,
    2.0825142860412598,
    1.3015735149383545,
    2.405559778213501,
    1.13154935836792,
    1.2328555583953857,
    1.6385159492492676,
    1.0320525169372559,
    1.052070140838623,
    1.1099200248718262,
    1.591329574584961,
    0.9489007592201233,
    0.8958544731140137,
    1.53378427028656,
    1.3051139116287231,
    0.9425536394119263,
    0.9856489300727844,
    1.0639957189559937,
    0.8717173933982849,
    0.9787735939025879,
    0.9245215058326721,
    1.0185017585754395,
    0.7941201329231262,
    0.8498523235321045,
    0.8967362642288208,
    0.8538277745246887,
    1.090198040008545,
    1.0872893333435059,
    1.2130746841430664,
    0.8346617221832275,
    0.9002174139022827,
    1.0617008209228516,
    0.9859638810157776
  ]
}